Student_ID,Student_Name,Study_Hours,Attendance_Percent,Screen_Time_Hours,Sleep_Hours,Marks
1,Aarav,2,78,6,8,62
2,Diya,3,85,5,8,70
3,Arjun,4,88,4,7,78
4,Ananya,5,92,3,8,85
5,Vijay,1,65,8,6,48
6,Meera,6,95,3,9,91
7,Rahul,3,80,6,7,66
8,Priya,7,96,2,9,94
9,Kavin,2,72,7,7,55
10,Sneha,5,90,4,8,84
11,Rohan,4,86,5,8,76
12,Keerthi,8,98,2,9,97
13,Manoj,1,60,9,6,42
14,Nila,6,93,3,8,89
15,Sanjay,3,75,7,7,61
16,Harini,5,89,4,8,82
17,Dinesh,2,68,8,6,51
18,Lakshmi,7,94,2,9,92
19,Ajay,4,83,5,7,73
20,Pooja,6,91,3,8,87
21,Vishnu,2,70,8,7,53
22,Aishwarya,5,87,4,8,80
23,Gokul,3,77,6,7,64
24,Shreya,8,97,2,9,96
25,Surya,1,63,9,6,45
26,Divya,6,92,3,8,88
27,Naveen,4,81,5,7,71
28,Swetha,5,90,4,8,83
29,Karthik,2,74,7,7,57
30,Janani,7,95,2,9,93
